original_index,y_orig,y_target,detections,distance ,calls,dataset
7270          ,1     ,3       ,444       ,3.1691508,25000,mnist
860           ,6     ,7       ,142       ,4.218874 ,25000,mnist
6265          ,4     ,2       ,184       ,3.6398058,25000,mnist
4426          ,9     ,7       ,451       ,1.7419345,25000,mnist
8322          ,9     ,5       ,472       ,2.3654478,25000,mnist
